{
    "loss": 0.007870107655582392,
    "accuracy": 0.8534708578912901
}