{
    "loss": 0.3004648539484764,
    "accuracy": 0.31910946196660483
}