{
    "loss": 0.10766130944217851,
    "accuracy": 0.797752808988764
}