{
    "loss": 0.1201574639545025,
    "accuracy": 0.7678454485920104
}